{"cameraMode":{"drawMode":0,"name":"Shaded","section":"Shading Mode"},"sceneLighting":true,"audioPlay":false,"sceneViewState":{"showFog":true,"showMaterialUpdate":false,"showSkybox":true,"showFlares":true,"showImageEffects":true,"showParticleSystems":true,"showVisualEffectGraphs":true,"m_FxEnabled":true},"in2DMode":false,"pivot":{"x":4.650177478790283,"y":-0.045236825942993167,"z":-0.35178816318511965},"rotation":{"x":0.2542932331562042,"y":0.12950406968593598,"z":-0.03438479080796242,"w":0.9578037858009338},"size":3.2402613162994386,"orthographic":false}